<pages>
    <link>
        <title>Document Management</title>
        <url>documentmanagement.php</url>
    </link>
    <link>
        <title>Document Search</title>
        <url>documentsearch.php</url>
    </link>
    <link>
        <title>Employer Management</title>
        <url>
            employermanagement.php
        </url>
    </link>
    <link>
        <title>Employer Search</title>
        <url>employersearch.php</url>
    </link>
    <link>
        <title>Job Management</title>
        <url>jobmanagement.php</url>
    </link>
    <link>
        <title>Job Search</title>
        <url>
            jobsearch.php
        </url>
    </link>
    <link>
        <title>Send Message</title>
        <url>
            sendmessage.php
        </url>
    </link>
    <link>
        <title>Sent Messages</title>
        <url>
            sentmessages.php
        </url>
    </link>
    <link>
        <title>Student Management</title>
        <url>
            studentmanagement.php
        </url>
    </link>
    <link>
        <title>Student Search</title>
        <url>
            studentsearch.php
        </url>
    </link>
    <link>
        <title>Your Jobs</title>
        <url>
            yourjobs.php
        </url>
    </link>
</pages>